#d,Movie title,Genre,Description,date,Author,status

1,Through and Through (Na wylot),Crime,Duis consequat dui nec nisi volutpat eleifend. Donec ut dolor.,10/3/2011,Caban,New
2,Diving Bell and the Butterfly,Drama, Cum sociis natoque penatibus et magnis dis parturient montes- nascetur ridiculus mus. Etiam vel augue.,3/25/2018,Benoix,New
3,The Time Traveler's Wife,Drama|Romance|Sci-Fi,Quisque erat eros viverra eget congue eget semper rutrum nulla. Nunc purus.,2/25/2013,Marsay,New
4,Rembrandt,Drama,Curabitur in libero ut massa volutpat convallis. Morbi odio odio- elementum eu- interdum eu- tincidunt in- leo.,10/22/2016,Ladloe,New
5,Irene in Time,Comedy|Drama|Romance,Maecenas rhoncus aliquam lacus.,3/19/2018,Glas,New
6,They Call Me Trinity,Comedy|Western,Aliquam quis turpis eget elit sodales scelerisque.,10/8/2011,Trulocke,New
7,Fermat's Room (La habitación de Fermat),Mystery|Thriller,Vestibulum ante ipsum primis in faucibus orci luctus et ultrices posuere cubilia Curae; Nulla dapibus dolor vel est.,8/20/2015,Duddy,New
8,Clown,Drama|Horror,Donec quis orci eget orci vehicula condimentum. Curabitur in libero ut massa volutpat convallis.,2/4/2013,Balderston,New
9,All the Rage (It's the Rage),Drama,Pellentesque at nulla.,11/14/2014,Domingues,New
10,The Whole Ten Yards,Action|Comedy|Crime,Morbi non quam nec dui luctus rutrum.,10/30/2012,Irvin,New
11,Boiling Point (3-4 x jûgatsu),Action|Comedy|Crime,Fusce lacus purus aliquet at feugiat non pretium quis lectus. Suspendisse potenti.,9/10/2014,Ketch,New
12,Gorillas in the Mist,Drama,Aliquam non mauris.,5/17/2017,Linny,New
13,Sandglass,Myster,yMorbi a ipsum. Integer a nibh.,5/25/2015,Gallihawk,New
14,Zero Kelvin (Kjærlighetens kjøtere),Drama,Nulla ac enim. In temp- turpis nec euismod scelerisque- quam turpis adipiscing lorem- vitae mattis nibh ligula nec sem.,5/16/2013,Ivachyov,New
15,The Coca-Cola Kid,Comedy|Romance,Quisque arcu libero- rutrum ac- lobortis vel- dapibus at diam.,10/5/2010,Totterdell,New
16,Miracle at Oxford (True Blue),Drama,Aenean fermentum.,3/7/2014,Crellin,New
17,Married to the Mob,Comedy,Quisque arcu libero rutrum ac lobortis vel dapibus at diam. Nam tristique tortor eu pede.,8/8/2016,Iannuzzelli,New
18, The (Mad Max 2) Road Warrior,Action|Adventure|Sci-Fi,In sagittis dui vel nisl. Duis ac nibh.,10/25/2014,Lambshine,New
19,Stalingrad,Drama|War,Nunc purus.,5/21/2017,Rumsey,New
20,The Dark,Horror|Mystery|Thriller,Quisque id justo sit amet sapien dignissim vestibulum. Vestibulum ante ipsum primis in faucibus orci luctus et ultrices posuere cubilia Curae; Nulla dapibus dolor vel est.,9/20/2013,Stather,New